symbol,successful_source,successful_attempt_order,fallback_used,attempted_sources,failed_sources,errors
000025.SZ,eastmoney,1.0,False,eastmoney,,
000027.SZ,eastmoney,1.0,False,eastmoney,,
000028.SZ,eastmoney,1.0,False,eastmoney,,
000030.SZ,eastmoney,1.0,False,eastmoney,,
000032.SZ,eastmoney,1.0,False,eastmoney,,
000048.SZ,eastmoney,1.0,False,eastmoney,,
000062.SZ,eastmoney,1.0,False,eastmoney,,
000159.SZ,eastmoney,1.0,False,eastmoney,,
000401.SZ,eastmoney,1.0,False,eastmoney,,
000403.SZ,eastmoney,1.0,False,eastmoney,,
000407.SZ,eastmoney,1.0,False,eastmoney,,
000426.SZ,eastmoney,1.0,False,eastmoney,,
000504.SZ,eastmoney,1.0,False,eastmoney,,
000505.SZ,eastmoney,1.0,False,eastmoney,,
000513.SZ,eastmoney,1.0,False,eastmoney,,
000516.SZ,eastmoney,1.0,False,eastmoney,,
000521.SZ,eastmoney,1.0,False,eastmoney,,
000523.SZ,eastmoney,1.0,False,eastmoney,,
000525.SZ,eastmoney,1.0,False,eastmoney,,
000528.SZ,eastmoney,1.0,False,eastmoney,,
000548.SZ,eastmoney,1.0,False,eastmoney,,
000550.SZ,eastmoney,1.0,False,eastmoney,,
000552.SZ,eastmoney,1.0,False,eastmoney,,
000559.SZ,eastmoney,1.0,False,eastmoney,,
000586.SZ,eastmoney,1.0,False,eastmoney,,
000598.SZ,eastmoney,1.0,False,eastmoney,,
000601.SZ,eastmoney,1.0,False,eastmoney,,
000603.SZ,eastmoney,1.0,False,eastmoney,,
000607.SZ,eastmoney,1.0,False,eastmoney,,
000608.SZ,eastmoney,1.0,False,eastmoney,,
000612.SZ,eastmoney,1.0,False,eastmoney,,
000619.SZ,eastmoney,1.0,False,eastmoney,,
000623.SZ,eastmoney,1.0,False,eastmoney,,
000708.SZ,eastmoney,1.0,False,eastmoney,,
000723.SZ,eastmoney,1.0,False,eastmoney,,
000738.SZ,eastmoney,1.0,False,eastmoney,,
000750.SZ,eastmoney,1.0,False,eastmoney,,
000751.SZ,eastmoney,1.0,False,eastmoney,,
000755.SZ,eastmoney,1.0,False,eastmoney,,
000766.SZ,eastmoney,1.0,False,eastmoney,,
000776.SZ,eastmoney,1.0,False,eastmoney,,
000778.SZ,eastmoney,1.0,False,eastmoney,,
000782.SZ,eastmoney,1.0,False,eastmoney,,
000789.SZ,eastmoney,1.0,False,eastmoney,,
000796.SZ,eastmoney,1.0,False,eastmoney,,
000801.SZ,eastmoney,1.0,False,eastmoney,,
000829.SZ,eastmoney,1.0,False,eastmoney,,
000833.SZ,eastmoney,1.0,False,eastmoney,,
000839.SZ,eastmoney,1.0,False,eastmoney,,
000858.SZ,eastmoney,1.0,False,eastmoney,,
000862.SZ,eastmoney,1.0,False,eastmoney,,
000882.SZ,eastmoney,1.0,False,eastmoney,,
000887.SZ,eastmoney,1.0,False,eastmoney,,
000892.SZ,eastmoney,1.0,False,eastmoney,,
000895.SZ,eastmoney,1.0,False,eastmoney,,
000897.SZ,eastmoney,1.0,False,eastmoney,,
000905.SZ,eastmoney,1.0,False,eastmoney,,
000906.SZ,eastmoney,1.0,False,eastmoney,,
000908.SZ,eastmoney,1.0,False,eastmoney,,
000912.SZ,eastmoney,1.0,False,eastmoney,,
000919.SZ,eastmoney,1.0,False,eastmoney,,
000921.SZ,eastmoney,1.0,False,eastmoney,,
000926.SZ,eastmoney,1.0,False,eastmoney,,
000928.SZ,eastmoney,1.0,False,eastmoney,,
000931.SZ,eastmoney,1.0,False,eastmoney,,
000953.SZ,eastmoney,1.0,False,eastmoney,,
000967.SZ,eastmoney,1.0,False,eastmoney,,
000993.SZ,eastmoney,1.0,False,eastmoney,,
001205.SZ,eastmoney,1.0,False,eastmoney,,
001210.SZ,eastmoney,1.0,False,eastmoney,,
001212.SZ,eastmoney,1.0,False,eastmoney,,
001217.SZ,eastmoney,1.0,False,eastmoney,,
001218.SZ,eastmoney,1.0,False,eastmoney,,
001221.SZ,eastmoney,1.0,False,eastmoney,,
001225.SZ,eastmoney,1.0,False,eastmoney,,
001226.SZ,eastmoney,1.0,False,eastmoney,,
001228.SZ,eastmoney,1.0,False,eastmoney,,
001229.SZ,eastmoney,1.0,False,eastmoney,,
001259.SZ,eastmoney,1.0,False,eastmoney,,
001266.SZ,eastmoney,1.0,False,eastmoney,,
001269.SZ,eastmoney,1.0,False,eastmoney,,
001277.SZ,eastmoney,1.0,False,eastmoney,,
001278.SZ,eastmoney,1.0,False,eastmoney,,
001286.SZ,eastmoney,1.0,False,eastmoney,,
001306.SZ,eastmoney,1.0,False,eastmoney,,
001308.SZ,eastmoney,1.0,False,eastmoney,,
001314.SZ,eastmoney,1.0,False,eastmoney,,
001332.SZ,eastmoney,1.0,False,eastmoney,,
001358.SZ,eastmoney,1.0,False,eastmoney,,
001360.SZ,eastmoney,1.0,False,eastmoney,,
001373.SZ,eastmoney,1.0,False,eastmoney,,
001382.SZ,eastmoney,1.0,False,eastmoney,,
001391.SZ,eastmoney,1.0,False,eastmoney,,
001393.SZ,eastmoney,1.0,False,eastmoney,,
001399.SZ,,,False,eastmoney;eastmoney;eastmoney;tencent_tx;tencent_tx;tencent_tx,eastmoney;eastmoney;eastmoney;tencent_tx;tencent_tx;tencent_tx,empty; empty; empty; empty; empty; empty
001896.SZ,eastmoney,1.0,False,eastmoney,,
002003.SZ,eastmoney,1.0,False,eastmoney,,
002007.SZ,eastmoney,1.0,False,eastmoney,,
002011.SZ,eastmoney,1.0,False,eastmoney,,
002020.SZ,eastmoney,1.0,False,eastmoney,,
002022.SZ,eastmoney,1.0,False,eastmoney,,
002025.SZ,eastmoney,1.0,False,eastmoney,,
002028.SZ,eastmoney,1.0,False,eastmoney,,
002035.SZ,eastmoney,1.0,False,eastmoney,,
002044.SZ,eastmoney,1.0,False,eastmoney,,
002046.SZ,eastmoney,1.0,False,eastmoney,,
002059.SZ,eastmoney,1.0,False,eastmoney,,
002068.SZ,eastmoney,1.0,False,eastmoney,,
002074.SZ,eastmoney,1.0,False,eastmoney,,
002076.SZ,eastmoney,1.0,False,eastmoney,,
002084.SZ,eastmoney,1.0,False,eastmoney,,
002093.SZ,eastmoney,1.0,False,eastmoney,,
002107.SZ,eastmoney,1.0,False,eastmoney,,
002116.SZ,eastmoney,1.0,False,eastmoney,,
002133.SZ,eastmoney,1.0,False,eastmoney,,
002144.SZ,eastmoney,1.0,False,eastmoney,,
002145.SZ,eastmoney,1.0,False,eastmoney,,
002148.SZ,eastmoney,1.0,False,eastmoney,,
002154.SZ,eastmoney,1.0,False,eastmoney,,
002166.SZ,eastmoney,1.0,False,eastmoney,,
002169.SZ,eastmoney,1.0,False,eastmoney,,
002171.SZ,eastmoney,1.0,False,eastmoney,,
002179.SZ,eastmoney,1.0,False,eastmoney,,
002184.SZ,eastmoney,1.0,False,eastmoney,,
002186.SZ,eastmoney,1.0,False,eastmoney,,
002188.SZ,eastmoney,1.0,False,eastmoney,,
002189.SZ,eastmoney,1.0,False,eastmoney,,
002192.SZ,eastmoney,1.0,False,eastmoney,,
002195.SZ,eastmoney,1.0,False,eastmoney,,
002201.SZ,eastmoney,1.0,False,eastmoney,,
002212.SZ,eastmoney,1.0,False,eastmoney,,
002213.SZ,eastmoney,1.0,False,eastmoney,,
002233.SZ,eastmoney,1.0,False,eastmoney,,
002234.SZ,eastmoney,1.0,False,eastmoney,,
002235.SZ,eastmoney,1.0,False,eastmoney,,
002244.SZ,eastmoney,1.0,False,eastmoney,,
002248.SZ,eastmoney,1.0,False,eastmoney,,
002252.SZ,eastmoney,1.0,False,eastmoney,,
002253.SZ,eastmoney,1.0,False,eastmoney,,
002254.SZ,eastmoney,1.0,False,eastmoney,,
002264.SZ,eastmoney,1.0,False,eastmoney,,
002266.SZ,eastmoney,1.0,False,eastmoney,,
002267.SZ,eastmoney,1.0,False,eastmoney,,
002270.SZ,eastmoney,1.0,False,eastmoney,,
002275.SZ,eastmoney,1.0,False,eastmoney,,
002281.SZ,eastmoney,1.0,False,eastmoney,,
002291.SZ,eastmoney,1.0,False,eastmoney,,
002303.SZ,eastmoney,1.0,False,eastmoney,,
002304.SZ,eastmoney,1.0,False,eastmoney,,
002314.SZ,eastmoney,1.0,False,eastmoney,,
002317.SZ,eastmoney,1.0,False,eastmoney,,
002326.SZ,eastmoney,1.0,False,eastmoney,,
002333.SZ,eastmoney,1.0,False,eastmoney,,
002353.SZ,eastmoney,1.0,False,eastmoney,,
002356.SZ,eastmoney,1.0,False,eastmoney,,
002361.SZ,eastmoney,1.0,False,eastmoney,,
002367.SZ,eastmoney,1.0,False,eastmoney,,
002368.SZ,eastmoney,1.0,False,eastmoney,,
002372.SZ,eastmoney,1.0,False,eastmoney,,
002376.SZ,eastmoney,1.0,False,eastmoney,,
002377.SZ,eastmoney,1.0,False,eastmoney,,
002378.SZ,eastmoney,1.0,False,eastmoney,,
002379.SZ,eastmoney,1.0,False,eastmoney,,
002389.SZ,eastmoney,1.0,False,eastmoney,,
002393.SZ,eastmoney,1.0,False,eastmoney,,
002394.SZ,eastmoney,1.0,False,eastmoney,,
002406.SZ,eastmoney,1.0,False,eastmoney,,
002409.SZ,eastmoney,1.0,False,eastmoney,,
002422.SZ,eastmoney,1.0,False,eastmoney,,
002423.SZ,eastmoney,1.0,False,eastmoney,,
002436.SZ,eastmoney,1.0,False,eastmoney,,
002438.SZ,eastmoney,1.0,False,eastmoney,,
002441.SZ,eastmoney,1.0,False,eastmoney,,
002445.SZ,eastmoney,1.0,False,eastmoney,,
002446.SZ,eastmoney,1.0,False,eastmoney,,
002451.SZ,eastmoney,1.0,False,eastmoney,,
002455.SZ,eastmoney,1.0,False,eastmoney,,
002457.SZ,eastmoney,1.0,False,eastmoney,,
002458.SZ,eastmoney,1.0,False,eastmoney,,
002460.SZ,eastmoney,1.0,False,eastmoney,,
002461.SZ,eastmoney,1.0,False,eastmoney,,
002467.SZ,eastmoney,1.0,False,eastmoney,,
002483.SZ,eastmoney,1.0,False,eastmoney,,
002492.SZ,eastmoney,1.0,False,eastmoney,,
002493.SZ,eastmoney,1.0,False,eastmoney,,
002497.SZ,eastmoney,1.0,False,eastmoney,,
002500.SZ,eastmoney,1.0,False,eastmoney,,
002515.SZ,eastmoney,1.0,False,eastmoney,,
002516.SZ,eastmoney,1.0,False,eastmoney,,
002527.SZ,eastmoney,1.0,False,eastmoney,,
002529.SZ,eastmoney,1.0,False,eastmoney,,
002530.SZ,eastmoney,1.0,False,eastmoney,,
002541.SZ,eastmoney,1.0,False,eastmoney,,
002544.SZ,eastmoney,1.0,False,eastmoney,,
002555.SZ,eastmoney,1.0,False,eastmoney,,
002557.SZ,eastmoney,1.0,False,eastmoney,,
002563.SZ,eastmoney,1.0,False,eastmoney,,
002568.SZ,eastmoney,1.0,False,eastmoney,,
002573.SZ,eastmoney,1.0,False,eastmoney,,
002577.SZ,eastmoney,1.0,False,eastmoney,,
002587.SZ,eastmoney,1.0,False,eastmoney,,
002589.SZ,eastmoney,1.0,False,eastmoney,,
002596.SZ,eastmoney,1.0,False,eastmoney,,
002599.SZ,eastmoney,1.0,False,eastmoney,,
002607.SZ,eastmoney,1.0,False,eastmoney,,
002614.SZ,eastmoney,1.0,False,eastmoney,,
002623.SZ,eastmoney,1.0,False,eastmoney,,
002640.SZ,eastmoney,1.0,False,eastmoney,,
002645.SZ,eastmoney,1.0,False,eastmoney,,
002649.SZ,eastmoney,1.0,False,eastmoney,,
002666.SZ,eastmoney,1.0,False,eastmoney,,
002672.SZ,eastmoney,1.0,False,eastmoney,,
002675.SZ,eastmoney,1.0,False,eastmoney,,
002677.SZ,eastmoney,1.0,False,eastmoney,,
002683.SZ,eastmoney,1.0,False,eastmoney,,
002697.SZ,eastmoney,1.0,False,eastmoney,,
002698.SZ,eastmoney,1.0,False,eastmoney,,
002702.SZ,eastmoney,1.0,False,eastmoney,,
002708.SZ,eastmoney,1.0,False,eastmoney,,
002724.SZ,eastmoney,1.0,False,eastmoney,,
002725.SZ,eastmoney,1.0,False,eastmoney,,
002733.SZ,eastmoney,1.0,False,eastmoney,,
002746.SZ,eastmoney,1.0,False,eastmoney,,
002749.SZ,eastmoney,1.0,False,eastmoney,,
002760.SZ,eastmoney,1.0,False,eastmoney,,
002762.SZ,eastmoney,1.0,False,eastmoney,,
002766.SZ,eastmoney,1.0,False,eastmoney,,
002767.SZ,eastmoney,1.0,False,eastmoney,,
002778.SZ,eastmoney,1.0,False,eastmoney,,
002792.SZ,eastmoney,1.0,False,eastmoney,,
002795.SZ,eastmoney,1.0,False,eastmoney,,
002796.SZ,eastmoney,1.0,False,eastmoney,,
002800.SZ,eastmoney,1.0,False,eastmoney,,
002801.SZ,eastmoney,1.0,False,eastmoney,,
002803.SZ,eastmoney,1.0,False,eastmoney,,
002807.SZ,eastmoney,1.0,False,eastmoney,,
002827.SZ,eastmoney,1.0,False,eastmoney,,
002829.SZ,eastmoney,1.0,False,eastmoney,,
002837.SZ,eastmoney,1.0,False,eastmoney,,
002842.SZ,eastmoney,1.0,False,eastmoney,,
002843.SZ,eastmoney,1.0,False,eastmoney,,
002849.SZ,eastmoney,1.0,False,eastmoney,,
002865.SZ,eastmoney,1.0,False,eastmoney,,
002869.SZ,eastmoney,1.0,False,eastmoney,,
002873.SZ,eastmoney,1.0,False,eastmoney,,
002888.SZ,eastmoney,1.0,False,eastmoney,,
002891.SZ,eastmoney,1.0,False,eastmoney,,
002905.SZ,eastmoney,1.0,False,eastmoney,,
002913.SZ,eastmoney,1.0,False,eastmoney,,
002915.SZ,eastmoney,1.0,False,eastmoney,,
002925.SZ,eastmoney,1.0,False,eastmoney,,
002935.SZ,eastmoney,1.0,False,eastmoney,,
002941.SZ,eastmoney,1.0,False,eastmoney,,
002960.SZ,eastmoney,1.0,False,eastmoney,,
002963.SZ,eastmoney,1.0,False,eastmoney,,
002966.SZ,eastmoney,1.0,False,eastmoney,,
002976.SZ,eastmoney,1.0,False,eastmoney,,
002986.SZ,eastmoney,1.0,False,eastmoney,,
002991.SZ,eastmoney,1.0,False,eastmoney,,
002992.SZ,eastmoney,1.0,False,eastmoney,,
002996.SZ,eastmoney,1.0,False,eastmoney,,
003007.SZ,eastmoney,1.0,False,eastmoney,,
003010.SZ,eastmoney,1.0,False,eastmoney,,
003011.SZ,eastmoney,1.0,False,eastmoney,,
003016.SZ,eastmoney,1.0,False,eastmoney,,
003018.SZ,eastmoney,1.0,False,eastmoney,,
003035.SZ,eastmoney,1.0,False,eastmoney,,
003041.SZ,eastmoney,1.0,False,eastmoney,,
300006.SZ,eastmoney,1.0,False,eastmoney,,
300007.SZ,eastmoney,1.0,False,eastmoney,,
300016.SZ,eastmoney,1.0,False,eastmoney,,
300018.SZ,eastmoney,1.0,False,eastmoney,,
300021.SZ,eastmoney,1.0,False,eastmoney,,
300022.SZ,eastmoney,1.0,False,eastmoney,,
300030.SZ,eastmoney,1.0,False,eastmoney,,
300039.SZ,eastmoney,1.0,False,eastmoney,,
300047.SZ,eastmoney,1.0,False,eastmoney,,
300061.SZ,eastmoney,1.0,False,eastmoney,,
300067.SZ,eastmoney,1.0,False,eastmoney,,
300070.SZ,eastmoney,1.0,False,eastmoney,,
300072.SZ,eastmoney,1.0,False,eastmoney,,
300080.SZ,eastmoney,1.0,False,eastmoney,,
300086.SZ,eastmoney,1.0,False,eastmoney,,
300088.SZ,eastmoney,1.0,False,eastmoney,,
300092.SZ,eastmoney,1.0,False,eastmoney,,
300094.SZ,eastmoney,1.0,False,eastmoney,,
300100.SZ,eastmoney,1.0,False,eastmoney,,
300106.SZ,eastmoney,1.0,False,eastmoney,,
300110.SZ,eastmoney,1.0,False,eastmoney,,
300149.SZ,eastmoney,1.0,False,eastmoney,,
300157.SZ,eastmoney,1.0,False,eastmoney,,
300158.SZ,eastmoney,1.0,False,eastmoney,,
300166.SZ,eastmoney,1.0,False,eastmoney,,
300171.SZ,eastmoney,1.0,False,eastmoney,,
300188.SZ,eastmoney,1.0,False,eastmoney,,
300191.SZ,eastmoney,1.0,False,eastmoney,,
300194.SZ,eastmoney,1.0,False,eastmoney,,
300201.SZ,eastmoney,1.0,False,eastmoney,,
300209.SZ,eastmoney,1.0,False,eastmoney,,
300222.SZ,eastmoney,1.0,False,eastmoney,,
300225.SZ,eastmoney,1.0,False,eastmoney,,
300233.SZ,eastmoney,1.0,False,eastmoney,,
300259.SZ,eastmoney,1.0,False,eastmoney,,
300265.SZ,eastmoney,1.0,False,eastmoney,,
300267.SZ,eastmoney,1.0,False,eastmoney,,
300268.SZ,eastmoney,1.0,False,eastmoney,,
300272.SZ,eastmoney,1.0,False,eastmoney,,
300274.SZ,eastmoney,1.0,False,eastmoney,,
300275.SZ,eastmoney,1.0,False,eastmoney,,
300277.SZ,eastmoney,1.0,False,eastmoney,,
300278.SZ,eastmoney,1.0,False,eastmoney,,
300293.SZ,eastmoney,1.0,False,eastmoney,,
300294.SZ,eastmoney,1.0,False,eastmoney,,
300298.SZ,eastmoney,1.0,False,eastmoney,,
300305.SZ,eastmoney,1.0,False,eastmoney,,
300310.SZ,eastmoney,1.0,False,eastmoney,,
300332.SZ,eastmoney,1.0,False,eastmoney,,
300340.SZ,eastmoney,1.0,False,eastmoney,,
300342.SZ,eastmoney,1.0,False,eastmoney,,
300343.SZ,eastmoney,1.0,False,eastmoney,,
300345.SZ,eastmoney,1.0,False,eastmoney,,
300351.SZ,eastmoney,1.0,False,eastmoney,,
300354.SZ,eastmoney,1.0,False,eastmoney,,
300365.SZ,eastmoney,1.0,False,eastmoney,,
300382.SZ,eastmoney,1.0,False,eastmoney,,
300389.SZ,eastmoney,1.0,False,eastmoney,,
300393.SZ,eastmoney,1.0,False,eastmoney,,
300395.SZ,eastmoney,1.0,False,eastmoney,,
300398.SZ,eastmoney,1.0,False,eastmoney,,
300399.SZ,eastmoney,1.0,False,eastmoney,,
300402.SZ,eastmoney,1.0,False,eastmoney,,
300403.SZ,eastmoney,1.0,False,eastmoney,,
300404.SZ,eastmoney,1.0,False,eastmoney,,
300412.SZ,eastmoney,1.0,False,eastmoney,,
300422.SZ,eastmoney,1.0,False,eastmoney,,
300426.SZ,eastmoney,1.0,False,eastmoney,,
300438.SZ,eastmoney,1.0,False,eastmoney,,
300449.SZ,eastmoney,1.0,False,eastmoney,,
300455.SZ,eastmoney,1.0,False,eastmoney,,
300461.SZ,eastmoney,1.0,False,eastmoney,,
300466.SZ,eastmoney,1.0,False,eastmoney,,
300470.SZ,eastmoney,1.0,False,eastmoney,,
300473.SZ,eastmoney,1.0,False,eastmoney,,
300474.SZ,eastmoney,1.0,False,eastmoney,,
300486.SZ,eastmoney,1.0,False,eastmoney,,
300488.SZ,eastmoney,1.0,False,eastmoney,,
300496.SZ,eastmoney,1.0,False,eastmoney,,
300509.SZ,eastmoney,1.0,False,eastmoney,,
300513.SZ,eastmoney,1.0,False,eastmoney,,
300517.SZ,eastmoney,1.0,False,eastmoney,,
300518.SZ,eastmoney,1.0,False,eastmoney,,
300519.SZ,eastmoney,1.0,False,eastmoney,,
300520.SZ,eastmoney,1.0,False,eastmoney,,
300528.SZ,eastmoney,1.0,False,eastmoney,,
300538.SZ,eastmoney,1.0,False,eastmoney,,
300539.SZ,eastmoney,1.0,False,eastmoney,,
300546.SZ,eastmoney,1.0,False,eastmoney,,
300548.SZ,eastmoney,1.0,False,eastmoney,,
300552.SZ,eastmoney,1.0,False,eastmoney,,
300554.SZ,eastmoney,1.0,False,eastmoney,,
300571.SZ,eastmoney,1.0,False,eastmoney,,
300575.SZ,eastmoney,1.0,False,eastmoney,,
300579.SZ,eastmoney,1.0,False,eastmoney,,
300588.SZ,eastmoney,1.0,False,eastmoney,,
300590.SZ,eastmoney,1.0,False,eastmoney,,
300592.SZ,eastmoney,1.0,False,eastmoney,,
300593.SZ,eastmoney,1.0,False,eastmoney,,
300605.SZ,eastmoney,1.0,False,eastmoney,,
300613.SZ,eastmoney,1.0,False,eastmoney,,
300619.SZ,eastmoney,1.0,False,eastmoney,,
300626.SZ,eastmoney,1.0,False,eastmoney,,
300633.SZ,eastmoney,1.0,False,eastmoney,,
300635.SZ,eastmoney,1.0,False,eastmoney,,
300642.SZ,eastmoney,1.0,False,eastmoney,,
300644.SZ,eastmoney,1.0,False,eastmoney,,
300645.SZ,eastmoney,1.0,False,eastmoney,,
300651.SZ,eastmoney,1.0,False,eastmoney,,
300658.SZ,eastmoney,1.0,False,eastmoney,,
300659.SZ,eastmoney,1.0,False,eastmoney,,
300679.SZ,eastmoney,1.0,False,eastmoney,,
300681.SZ,eastmoney,1.0,False,eastmoney,,
300684.SZ,eastmoney,1.0,False,eastmoney,,
300687.SZ,eastmoney,1.0,False,eastmoney,,
300688.SZ,eastmoney,1.0,False,eastmoney,,
300690.SZ,eastmoney,1.0,False,eastmoney,,
300709.SZ,eastmoney,1.0,False,eastmoney,,
300710.SZ,eastmoney,1.0,False,eastmoney,,
300712.SZ,eastmoney,1.0,False,eastmoney,,
300713.SZ,eastmoney,1.0,False,eastmoney,,
300720.SZ,eastmoney,1.0,False,eastmoney,,
300747.SZ,eastmoney,1.0,False,eastmoney,,
300750.SZ,eastmoney,1.0,False,eastmoney,,
300752.SZ,eastmoney,1.0,False,eastmoney,,
300761.SZ,eastmoney,1.0,False,eastmoney,,
300762.SZ,eastmoney,1.0,False,eastmoney,,
300770.SZ,eastmoney,1.0,False,eastmoney,,
300780.SZ,eastmoney,1.0,False,eastmoney,,
300786.SZ,eastmoney,1.0,False,eastmoney,,
300805.SZ,eastmoney,1.0,False,eastmoney,,
300809.SZ,eastmoney,1.0,False,eastmoney,,
300810.SZ,eastmoney,1.0,False,eastmoney,,
300816.SZ,eastmoney,1.0,False,eastmoney,,
300820.SZ,eastmoney,1.0,False,eastmoney,,
300826.SZ,eastmoney,1.0,False,eastmoney,,
300835.SZ,eastmoney,1.0,False,eastmoney,,
300839.SZ,eastmoney,1.0,False,eastmoney,,
300841.SZ,eastmoney,1.0,False,eastmoney,,
300842.SZ,eastmoney,1.0,False,eastmoney,,
300844.SZ,eastmoney,1.0,False,eastmoney,,
300846.SZ,eastmoney,1.0,False,eastmoney,,
300854.SZ,eastmoney,1.0,False,eastmoney,,
300857.SZ,eastmoney,1.0,False,eastmoney,,
300861.SZ,eastmoney,1.0,False,eastmoney,,
300866.SZ,eastmoney,1.0,False,eastmoney,,
300872.SZ,eastmoney,1.0,False,eastmoney,,
300873.SZ,eastmoney,1.0,False,eastmoney,,
300878.SZ,eastmoney,1.0,False,eastmoney,,
300880.SZ,eastmoney,1.0,False,eastmoney,,
300882.SZ,eastmoney,1.0,False,eastmoney,,
300890.SZ,eastmoney,1.0,False,eastmoney,,
300891.SZ,eastmoney,1.0,False,eastmoney,,
300897.SZ,eastmoney,1.0,False,eastmoney,,
300904.SZ,eastmoney,1.0,False,eastmoney,,
300911.SZ,eastmoney,1.0,False,eastmoney,,
300916.SZ,eastmoney,1.0,False,eastmoney,,
300927.SZ,eastmoney,1.0,False,eastmoney,,
300930.SZ,eastmoney,1.0,False,eastmoney,,
300936.SZ,eastmoney,1.0,False,eastmoney,,
300937.SZ,eastmoney,1.0,False,eastmoney,,
300939.SZ,eastmoney,1.0,False,eastmoney,,
300958.SZ,eastmoney,1.0,False,eastmoney,,
300965.SZ,eastmoney,1.0,False,eastmoney,,
300967.SZ,eastmoney,1.0,False,eastmoney,,
300979.SZ,eastmoney,1.0,False,eastmoney,,
300981.SZ,eastmoney,1.0,False,eastmoney,,
300985.SZ,eastmoney,1.0,False,eastmoney,,
300986.SZ,eastmoney,1.0,False,eastmoney,,
300997.SZ,eastmoney,1.0,False,eastmoney,,
300998.SZ,eastmoney,1.0,False,eastmoney,,
300999.SZ,eastmoney,1.0,False,eastmoney,,
301002.SZ,eastmoney,1.0,False,eastmoney,,
301010.SZ,eastmoney,1.0,False,eastmoney,,
301012.SZ,eastmoney,1.0,False,eastmoney,,
301018.SZ,eastmoney,1.0,False,eastmoney,,
301021.SZ,eastmoney,1.0,False,eastmoney,,
301023.SZ,eastmoney,1.0,False,eastmoney,,
301027.SZ,eastmoney,1.0,False,eastmoney,,
301031.SZ,eastmoney,1.0,False,eastmoney,,
301033.SZ,eastmoney,1.0,False,eastmoney,,
301035.SZ,eastmoney,1.0,False,eastmoney,,
301038.SZ,eastmoney,1.0,False,eastmoney,,
301052.SZ,eastmoney,1.0,False,eastmoney,,
301058.SZ,eastmoney,1.0,False,eastmoney,,
301066.SZ,eastmoney,1.0,False,eastmoney,,
301069.SZ,eastmoney,1.0,False,eastmoney,,
301082.SZ,eastmoney,1.0,False,eastmoney,,
301092.SZ,eastmoney,1.0,False,eastmoney,,
301097.SZ,eastmoney,1.0,False,eastmoney,,
301099.SZ,eastmoney,1.0,False,eastmoney,,
301107.SZ,eastmoney,1.0,False,eastmoney,,
301108.SZ,eastmoney,1.0,False,eastmoney,,
301111.SZ,eastmoney,1.0,False,eastmoney,,
301119.SZ,eastmoney,1.0,False,eastmoney,,
301120.SZ,eastmoney,1.0,False,eastmoney,,
301121.SZ,eastmoney,1.0,False,eastmoney,,
301123.SZ,eastmoney,1.0,False,eastmoney,,
301131.SZ,eastmoney,1.0,False,eastmoney,,
301151.SZ,eastmoney,1.0,False,eastmoney,,
301156.SZ,eastmoney,1.0,False,eastmoney,,
301173.SZ,eastmoney,1.0,False,eastmoney,,
301182.SZ,eastmoney,1.0,False,eastmoney,,
301193.SZ,eastmoney,1.0,False,eastmoney,,
301202.SZ,eastmoney,1.0,False,eastmoney,,
301219.SZ,eastmoney,1.0,False,eastmoney,,
301226.SZ,eastmoney,1.0,False,eastmoney,,
301233.SZ,eastmoney,1.0,False,eastmoney,,
301239.SZ,eastmoney,1.0,False,eastmoney,,
301251.SZ,eastmoney,1.0,False,eastmoney,,
301266.SZ,eastmoney,1.0,False,eastmoney,,
301269.SZ,eastmoney,1.0,False,eastmoney,,
301276.SZ,eastmoney,1.0,False,eastmoney,,
301293.SZ,eastmoney,1.0,False,eastmoney,,
301300.SZ,eastmoney,1.0,False,eastmoney,,
301303.SZ,eastmoney,1.0,False,eastmoney,,
301305.SZ,eastmoney,1.0,False,eastmoney,,
301306.SZ,eastmoney,1.0,False,eastmoney,,
301311.SZ,eastmoney,1.0,False,eastmoney,,
301312.SZ,eastmoney,1.0,False,eastmoney,,
301313.SZ,eastmoney,1.0,False,eastmoney,,
301315.SZ,eastmoney,1.0,False,eastmoney,,
301327.SZ,eastmoney,1.0,False,eastmoney,,
301328.SZ,eastmoney,1.0,False,eastmoney,,
301333.SZ,eastmoney,1.0,False,eastmoney,,
301335.SZ,eastmoney,1.0,False,eastmoney,,
301337.SZ,eastmoney,1.0,False,eastmoney,,
301366.SZ,eastmoney,1.0,False,eastmoney,,
301378.SZ,eastmoney,1.0,False,eastmoney,,
301382.SZ,eastmoney,1.0,False,eastmoney,,
301418.SZ,eastmoney,1.0,False,eastmoney,,
301448.SZ,eastmoney,1.0,False,eastmoney,,
301456.SZ,eastmoney,1.0,False,eastmoney,,
301458.SZ,eastmoney,1.0,False,eastmoney,,
301469.SZ,eastmoney,1.0,False,eastmoney,,
301486.SZ,eastmoney,1.0,False,eastmoney,,
301502.SZ,eastmoney,1.0,False,eastmoney,,
301503.SZ,eastmoney,1.0,False,eastmoney,,
301513.SZ,eastmoney,1.0,False,eastmoney,,
301522.SZ,eastmoney,1.0,False,eastmoney,,
301533.SZ,eastmoney,1.0,False,eastmoney,,
301552.SZ,eastmoney,1.0,False,eastmoney,,
301558.SZ,eastmoney,1.0,False,eastmoney,,
301568.SZ,eastmoney,1.0,False,eastmoney,,
301571.SZ,eastmoney,1.0,False,eastmoney,,
301592.SZ,eastmoney,1.0,False,eastmoney,,
301595.SZ,eastmoney,1.0,False,eastmoney,,
301601.SZ,eastmoney,1.0,False,eastmoney,,
301602.SZ,eastmoney,1.0,False,eastmoney,,
301617.SZ,eastmoney,1.0,False,eastmoney,,
301618.SZ,eastmoney,1.0,False,eastmoney,,
301626.SZ,eastmoney,1.0,False,eastmoney,,
301656.SZ,eastmoney,1.0,False,eastmoney,,
301658.SZ,eastmoney,1.0,False,eastmoney,,
301665.SZ,eastmoney,1.0,False,eastmoney,,
301678.SZ,eastmoney,1.0,False,eastmoney,,
600004.SH,eastmoney,1.0,False,eastmoney,,
600006.SH,eastmoney,1.0,False,eastmoney,,
600011.SH,eastmoney,1.0,False,eastmoney,,
600016.SH,eastmoney,1.0,False,eastmoney,,
600017.SH,eastmoney,1.0,False,eastmoney,,
600023.SH,eastmoney,1.0,False,eastmoney,,
600025.SH,eastmoney,1.0,False,eastmoney,,
600030.SH,eastmoney,1.0,False,eastmoney,,
600033.SH,eastmoney,1.0,False,eastmoney,,
600036.SH,eastmoney,1.0,False,eastmoney,,
600037.SH,eastmoney,1.0,False,eastmoney,,
600050.SH,eastmoney,1.0,False,eastmoney,,
600061.SH,eastmoney,1.0,False,eastmoney,,
600063.SH,eastmoney,1.0,False,eastmoney,,
600064.SH,eastmoney,1.0,False,eastmoney,,
600066.SH,eastmoney,1.0,False,eastmoney,,
600072.SH,eastmoney,1.0,False,eastmoney,,
600073.SH,eastmoney,1.0,False,eastmoney,,
600076.SH,eastmoney,1.0,False,eastmoney,,
600085.SH,eastmoney,1.0,False,eastmoney,,
600103.SH,eastmoney,1.0,False,eastmoney,,
600104.SH,eastmoney,1.0,False,eastmoney,,
600117.SH,eastmoney,1.0,False,eastmoney,,
600127.SH,eastmoney,1.0,False,eastmoney,,
600137.SH,eastmoney,1.0,False,eastmoney,,
600141.SH,eastmoney,1.0,False,eastmoney,,
600143.SH,eastmoney,1.0,False,eastmoney,,
600160.SH,eastmoney,1.0,False,eastmoney,,
600170.SH,eastmoney,1.0,False,eastmoney,,
600172.SH,eastmoney,1.0,False,eastmoney,,
600173.SH,eastmoney,1.0,False,eastmoney,,
600179.SH,eastmoney,1.0,False,eastmoney,,
600185.SH,eastmoney,1.0,False,eastmoney,,
600215.SH,eastmoney,1.0,False,eastmoney,,
600223.SH,eastmoney,1.0,False,eastmoney,,
600228.SH,eastmoney,1.0,False,eastmoney,,
600233.SH,eastmoney,1.0,False,eastmoney,,
600259.SH,eastmoney,1.0,False,eastmoney,,
600261.SH,eastmoney,1.0,False,eastmoney,,
600268.SH,eastmoney,1.0,False,eastmoney,,
600276.SH,eastmoney,1.0,False,eastmoney,,
600287.SH,eastmoney,1.0,False,eastmoney,,
600293.SH,eastmoney,1.0,False,eastmoney,,
600298.SH,eastmoney,1.0,False,eastmoney,,
600300.SH,eastmoney,1.0,False,eastmoney,,
600303.SH,eastmoney,1.0,False,eastmoney,,
600307.SH,eastmoney,1.0,False,eastmoney,,
600309.SH,eastmoney,1.0,False,eastmoney,,
600327.SH,eastmoney,1.0,False,eastmoney,,
600328.SH,eastmoney,1.0,False,eastmoney,,
600333.SH,eastmoney,1.0,False,eastmoney,,
600336.SH,eastmoney,1.0,False,eastmoney,,
600338.SH,eastmoney,1.0,False,eastmoney,,
600339.SH,eastmoney,1.0,False,eastmoney,,
600354.SH,eastmoney,1.0,False,eastmoney,,
600377.SH,eastmoney,1.0,False,eastmoney,,
600386.SH,eastmoney,1.0,False,eastmoney,,
600388.SH,eastmoney,1.0,False,eastmoney,,
600410.SH,eastmoney,1.0,False,eastmoney,,
600415.SH,eastmoney,1.0,False,eastmoney,,
600416.SH,eastmoney,1.0,False,eastmoney,,
600418.SH,eastmoney,1.0,False,eastmoney,,
600419.SH,eastmoney,1.0,False,eastmoney,,
600438.SH,eastmoney,1.0,False,eastmoney,,
600446.SH,eastmoney,1.0,False,eastmoney,,
600455.SH,eastmoney,1.0,False,eastmoney,,
600460.SH,eastmoney,1.0,False,eastmoney,,
600477.SH,eastmoney,1.0,False,eastmoney,,
600481.SH,eastmoney,1.0,False,eastmoney,,
600483.SH,eastmoney,1.0,False,eastmoney,,
600488.SH,eastmoney,1.0,False,eastmoney,,
600508.SH,eastmoney,1.0,False,eastmoney,,
600512.SH,eastmoney,1.0,False,eastmoney,,
600520.SH,eastmoney,1.0,False,eastmoney,,
600521.SH,eastmoney,1.0,False,eastmoney,,
600530.SH,eastmoney,1.0,False,eastmoney,,
600533.SH,eastmoney,1.0,False,eastmoney,,
600539.SH,eastmoney,1.0,False,eastmoney,,
600546.SH,eastmoney,1.0,False,eastmoney,,
600549.SH,eastmoney,1.0,False,eastmoney,,
600551.SH,eastmoney,1.0,False,eastmoney,,
600558.SH,eastmoney,1.0,False,eastmoney,,
600559.SH,eastmoney,1.0,False,eastmoney,,
600560.SH,eastmoney,1.0,False,eastmoney,,
600579.SH,eastmoney,1.0,False,eastmoney,,
600587.SH,eastmoney,1.0,False,eastmoney,,
600588.SH,eastmoney,1.0,False,eastmoney,,
600592.SH,eastmoney,1.0,False,eastmoney,,
600605.SH,eastmoney,1.0,False,eastmoney,,
600609.SH,eastmoney,1.0,False,eastmoney,,
600612.SH,eastmoney,1.0,False,eastmoney,,
600618.SH,eastmoney,1.0,False,eastmoney,,
600648.SH,eastmoney,1.0,False,eastmoney,,
600649.SH,eastmoney,1.0,False,eastmoney,,
600660.SH,eastmoney,1.0,False,eastmoney,,
600662.SH,eastmoney,1.0,False,eastmoney,,
600664.SH,eastmoney,1.0,False,eastmoney,,
600666.SH,eastmoney,1.0,False,eastmoney,,
600688.SH,eastmoney,1.0,False,eastmoney,,
600697.SH,eastmoney,1.0,False,eastmoney,,
600704.SH,eastmoney,1.0,False,eastmoney,,
600710.SH,eastmoney,1.0,False,eastmoney,,
600715.SH,eastmoney,1.0,False,eastmoney,,
600716.SH,eastmoney,1.0,False,eastmoney,,
600721.SH,eastmoney,1.0,False,eastmoney,,
600731.SH,eastmoney,1.0,False,eastmoney,,
600739.SH,eastmoney,1.0,False,eastmoney,,
600741.SH,eastmoney,1.0,False,eastmoney,,
600746.SH,eastmoney,1.0,False,eastmoney,,
600755.SH,eastmoney,1.0,False,eastmoney,,
600771.SH,eastmoney,1.0,False,eastmoney,,
600773.SH,eastmoney,1.0,False,eastmoney,,
600776.SH,eastmoney,1.0,False,eastmoney,,
600782.SH,eastmoney,1.0,False,eastmoney,,
600784.SH,eastmoney,1.0,False,eastmoney,,
600794.SH,eastmoney,1.0,False,eastmoney,,
600798.SH,eastmoney,1.0,False,eastmoney,,
600801.SH,eastmoney,1.0,False,eastmoney,,
600812.SH,eastmoney,1.0,False,eastmoney,,
600828.SH,eastmoney,1.0,False,eastmoney,,
600839.SH,eastmoney,1.0,False,eastmoney,,
600848.SH,eastmoney,1.0,False,eastmoney,,
600854.SH,eastmoney,1.0,False,eastmoney,,
600859.SH,eastmoney,1.0,False,eastmoney,,
600871.SH,eastmoney,1.0,False,eastmoney,,
600872.SH,eastmoney,1.0,False,eastmoney,,
600875.SH,eastmoney,1.0,False,eastmoney,,
600880.SH,eastmoney,1.0,False,eastmoney,,
600882.SH,eastmoney,1.0,False,eastmoney,,
600886.SH,eastmoney,1.0,False,eastmoney,,
600897.SH,eastmoney,1.0,False,eastmoney,,
600900.SH,eastmoney,1.0,False,eastmoney,,
600901.SH,eastmoney,1.0,False,eastmoney,,
600917.SH,eastmoney,1.0,False,eastmoney,,
600927.SH,eastmoney,1.0,False,eastmoney,,
600958.SH,eastmoney,1.0,False,eastmoney,,
600966.SH,eastmoney,1.0,False,eastmoney,,
600969.SH,eastmoney,1.0,False,eastmoney,,
600980.SH,eastmoney,1.0,False,eastmoney,,
600982.SH,eastmoney,1.0,False,eastmoney,,
600985.SH,eastmoney,1.0,False,eastmoney,,
600987.SH,eastmoney,1.0,False,eastmoney,,
600995.SH,eastmoney,1.0,False,eastmoney,,
601009.SH,eastmoney,1.0,False,eastmoney,,
601011.SH,eastmoney,1.0,False,eastmoney,,
601015.SH,eastmoney,1.0,False,eastmoney,,
601026.SH,eastmoney,1.0,False,eastmoney,,
601065.SH,eastmoney,1.0,False,eastmoney,,
601077.SH,eastmoney,1.0,False,eastmoney,,
601083.SH,eastmoney,1.0,False,eastmoney,,
601086.SH,eastmoney,1.0,False,eastmoney,,
601100.SH,eastmoney,1.0,False,eastmoney,,
601118.SH,eastmoney,1.0,False,eastmoney,,
601127.SH,eastmoney,1.0,False,eastmoney,,
601128.SH,eastmoney,1.0,False,eastmoney,,
601137.SH,eastmoney,1.0,False,eastmoney,,
601156.SH,eastmoney,1.0,False,eastmoney,,
601200.SH,eastmoney,1.0,False,eastmoney,,
601211.SH,eastmoney,1.0,False,eastmoney,,
601218.SH,eastmoney,1.0,False,eastmoney,,
601319.SH,eastmoney,1.0,False,eastmoney,,
601339.SH,eastmoney,1.0,False,eastmoney,,
601390.SH,eastmoney,1.0,False,eastmoney,,
601399.SH,eastmoney,1.0,False,eastmoney,,
601456.SH,eastmoney,1.0,False,eastmoney,,
601519.SH,eastmoney,1.0,False,eastmoney,,
601528.SH,eastmoney,1.0,False,eastmoney,,
601579.SH,eastmoney,1.0,False,eastmoney,,
601599.SH,eastmoney,1.0,False,eastmoney,,
601606.SH,eastmoney,1.0,False,eastmoney,,
601619.SH,eastmoney,1.0,False,eastmoney,,
601666.SH,eastmoney,1.0,False,eastmoney,,
601669.SH,eastmoney,1.0,False,eastmoney,,
601698.SH,eastmoney,1.0,False,eastmoney,,
601700.SH,eastmoney,1.0,False,eastmoney,,
601808.SH,eastmoney,1.0,False,eastmoney,,
601827.SH,eastmoney,1.0,False,eastmoney,,
601868.SH,eastmoney,1.0,False,eastmoney,,
601869.SH,eastmoney,1.0,False,eastmoney,,
601890.SH,eastmoney,1.0,False,eastmoney,,
601898.SH,eastmoney,1.0,False,eastmoney,,
601975.SH,eastmoney,1.0,False,eastmoney,,
601992.SH,eastmoney,1.0,False,eastmoney,,
601996.SH,eastmoney,1.0,False,eastmoney,,
603004.SH,eastmoney,1.0,False,eastmoney,,
603007.SH,eastmoney,1.0,False,eastmoney,,
603019.SH,eastmoney,1.0,False,eastmoney,,
603020.SH,eastmoney,1.0,False,eastmoney,,
603028.SH,eastmoney,1.0,False,eastmoney,,
603029.SH,eastmoney,1.0,False,eastmoney,,
603035.SH,eastmoney,1.0,False,eastmoney,,
603038.SH,eastmoney,1.0,False,eastmoney,,
603041.SH,eastmoney,1.0,False,eastmoney,,
603048.SH,eastmoney,1.0,False,eastmoney,,
603050.SH,eastmoney,1.0,False,eastmoney,,
603052.SH,eastmoney,1.0,False,eastmoney,,
603080.SH,eastmoney,1.0,False,eastmoney,,
603089.SH,eastmoney,1.0,False,eastmoney,,
603107.SH,eastmoney,1.0,False,eastmoney,,
603108.SH,eastmoney,1.0,False,eastmoney,,
603110.SH,eastmoney,1.0,False,eastmoney,,
603118.SH,eastmoney,1.0,False,eastmoney,,
603119.SH,eastmoney,1.0,False,eastmoney,,
603135.SH,eastmoney,1.0,False,eastmoney,,
603136.SH,eastmoney,1.0,False,eastmoney,,
603150.SH,eastmoney,1.0,False,eastmoney,,
603151.SH,eastmoney,1.0,False,eastmoney,,
603168.SH,eastmoney,1.0,False,eastmoney,,
603176.SH,eastmoney,1.0,False,eastmoney,,
603181.SH,eastmoney,1.0,False,eastmoney,,
603193.SH,eastmoney,1.0,False,eastmoney,,
603198.SH,eastmoney,1.0,False,eastmoney,,
603199.SH,eastmoney,1.0,False,eastmoney,,
603209.SH,eastmoney,1.0,False,eastmoney,,
603211.SH,eastmoney,1.0,False,eastmoney,,
603218.SH,eastmoney,1.0,False,eastmoney,,
603221.SH,eastmoney,1.0,False,eastmoney,,
603227.SH,eastmoney,1.0,False,eastmoney,,
603239.SH,eastmoney,1.0,False,eastmoney,,
603259.SH,eastmoney,1.0,False,eastmoney,,
603267.SH,eastmoney,1.0,False,eastmoney,,
603269.SH,eastmoney,1.0,False,eastmoney,,
603285.SH,eastmoney,1.0,False,eastmoney,,
603288.SH,eastmoney,1.0,False,eastmoney,,
603290.SH,eastmoney,1.0,False,eastmoney,,
603296.SH,eastmoney,1.0,False,eastmoney,,
603300.SH,eastmoney,1.0,False,eastmoney,,
603303.SH,eastmoney,1.0,False,eastmoney,,
603305.SH,eastmoney,1.0,False,eastmoney,,
603306.SH,eastmoney,1.0,False,eastmoney,,
603315.SH,eastmoney,1.0,False,eastmoney,,
603321.SH,eastmoney,1.0,False,eastmoney,,
603327.SH,eastmoney,1.0,False,eastmoney,,
603329.SH,eastmoney,1.0,False,eastmoney,,
603333.SH,eastmoney,1.0,False,eastmoney,,
603335.SH,eastmoney,1.0,False,eastmoney,,
603339.SH,eastmoney,1.0,False,eastmoney,,
603344.SH,eastmoney,1.0,False,eastmoney,,
603345.SH,eastmoney,1.0,False,eastmoney,,
603363.SH,eastmoney,1.0,False,eastmoney,,
603365.SH,eastmoney,1.0,False,eastmoney,,
603366.SH,eastmoney,1.0,False,eastmoney,,
603368.SH,eastmoney,1.0,False,eastmoney,,
603370.SH,eastmoney,1.0,False,eastmoney,,
603382.SH,eastmoney,1.0,False,eastmoney,,
603383.SH,eastmoney,1.0,False,eastmoney,,
603390.SH,eastmoney,1.0,False,eastmoney,,
603395.SH,eastmoney,1.0,False,eastmoney,,
603406.SH,eastmoney,1.0,False,eastmoney,,
603477.SH,eastmoney,1.0,False,eastmoney,,
603505.SH,eastmoney,1.0,False,eastmoney,,
603520.SH,eastmoney,1.0,False,eastmoney,,
603566.SH,eastmoney,1.0,False,eastmoney,,
603567.SH,eastmoney,1.0,False,eastmoney,,
603586.SH,eastmoney,1.0,False,eastmoney,,
603587.SH,eastmoney,1.0,False,eastmoney,,
603588.SH,eastmoney,1.0,False,eastmoney,,
603601.SH,eastmoney,1.0,False,eastmoney,,
603605.SH,eastmoney,1.0,False,eastmoney,,
603606.SH,eastmoney,1.0,False,eastmoney,,
603608.SH,eastmoney,1.0,False,eastmoney,,
603611.SH,eastmoney,1.0,False,eastmoney,,
603629.SH,eastmoney,1.0,False,eastmoney,,
603658.SH,eastmoney,1.0,False,eastmoney,,
603663.SH,eastmoney,1.0,False,eastmoney,,
603677.SH,eastmoney,1.0,False,eastmoney,,
603680.SH,eastmoney,1.0,False,eastmoney,,
603683.SH,eastmoney,1.0,False,eastmoney,,
603686.SH,eastmoney,1.0,False,eastmoney,,
603687.SH,eastmoney,1.0,False,eastmoney,,
603698.SH,eastmoney,1.0,False,eastmoney,,
603708.SH,eastmoney,1.0,False,eastmoney,,
603726.SH,eastmoney,1.0,False,eastmoney,,
603728.SH,eastmoney,1.0,False,eastmoney,,
603757.SH,eastmoney,1.0,False,eastmoney,,
603773.SH,eastmoney,1.0,False,eastmoney,,
603786.SH,eastmoney,1.0,False,eastmoney,,
603803.SH,eastmoney,1.0,False,eastmoney,,
603823.SH,eastmoney,1.0,False,eastmoney,,
603826.SH,eastmoney,1.0,False,eastmoney,,
603848.SH,eastmoney,1.0,False,eastmoney,,
603856.SH,eastmoney,1.0,False,eastmoney,,
603863.SH,eastmoney,1.0,False,eastmoney,,
603871.SH,eastmoney,1.0,False,eastmoney,,
603878.SH,eastmoney,1.0,False,eastmoney,,
603881.SH,eastmoney,1.0,False,eastmoney,,
603888.SH,eastmoney,1.0,False,eastmoney,,
603889.SH,eastmoney,1.0,False,eastmoney,,
603898.SH,eastmoney,1.0,False,eastmoney,,
603912.SH,eastmoney,1.0,False,eastmoney,,
603931.SH,eastmoney,1.0,False,eastmoney,,
603933.SH,eastmoney,1.0,False,eastmoney,,
603936.SH,eastmoney,1.0,False,eastmoney,,
603937.SH,eastmoney,1.0,False,eastmoney,,
603938.SH,eastmoney,1.0,False,eastmoney,,
603956.SH,eastmoney,1.0,False,eastmoney,,
603958.SH,eastmoney,1.0,False,eastmoney,,
603980.SH,eastmoney,1.0,False,eastmoney,,
603995.SH,eastmoney,1.0,False,eastmoney,,
603997.SH,eastmoney,1.0,False,eastmoney,,
605003.SH,eastmoney,1.0,False,eastmoney,,
605006.SH,eastmoney,1.0,False,eastmoney,,
605033.SH,eastmoney,1.0,False,eastmoney,,
605077.SH,eastmoney,1.0,False,eastmoney,,
605086.SH,eastmoney,1.0,False,eastmoney,,
605100.SH,eastmoney,1.0,False,eastmoney,,
605136.SH,eastmoney,1.0,False,eastmoney,,
605162.SH,eastmoney,1.0,False,eastmoney,,
605179.SH,eastmoney,1.0,False,eastmoney,,
605180.SH,eastmoney,1.0,False,eastmoney,,
605196.SH,eastmoney,1.0,False,eastmoney,,
605277.SH,eastmoney,1.0,False,eastmoney,,
605288.SH,eastmoney,1.0,False,eastmoney,,
605298.SH,eastmoney,1.0,False,eastmoney,,
605299.SH,eastmoney,1.0,False,eastmoney,,
605338.SH,eastmoney,1.0,False,eastmoney,,
605339.SH,eastmoney,1.0,False,eastmoney,,
605366.SH,eastmoney,1.0,False,eastmoney,,
605488.SH,eastmoney,1.0,False,eastmoney,,
605589.SH,eastmoney,1.0,False,eastmoney,,
605598.SH,eastmoney,1.0,False,eastmoney,,
688001.SH,eastmoney,1.0,False,eastmoney,,
688004.SH,eastmoney,1.0,False,eastmoney,,
688006.SH,eastmoney,1.0,False,eastmoney,,
688007.SH,eastmoney,1.0,False,eastmoney,,
688017.SH,eastmoney,1.0,False,eastmoney,,
688018.SH,eastmoney,1.0,False,eastmoney,,
688020.SH,eastmoney,1.0,False,eastmoney,,
688038.SH,eastmoney,1.0,False,eastmoney,,
688045.SH,eastmoney,1.0,False,eastmoney,,
688049.SH,eastmoney,1.0,False,eastmoney,,
688055.SH,eastmoney,1.0,False,eastmoney,,
688061.SH,eastmoney,1.0,False,eastmoney,,
688062.SH,eastmoney,1.0,False,eastmoney,,
688070.SH,eastmoney,1.0,False,eastmoney,,
688088.SH,eastmoney,1.0,False,eastmoney,,
688089.SH,eastmoney,1.0,False,eastmoney,,
688093.SH,eastmoney,1.0,False,eastmoney,,
688099.SH,eastmoney,1.0,False,eastmoney,,
688100.SH,eastmoney,1.0,False,eastmoney,,
688109.SH,eastmoney,1.0,False,eastmoney,,
688120.SH,eastmoney,1.0,False,eastmoney,,
688123.SH,eastmoney,1.0,False,eastmoney,,
688126.SH,eastmoney,1.0,False,eastmoney,,
688129.SH,eastmoney,1.0,False,eastmoney,,
688147.SH,eastmoney,1.0,False,eastmoney,,
688151.SH,eastmoney,1.0,False,eastmoney,,
688152.SH,eastmoney,1.0,False,eastmoney,,
688160.SH,eastmoney,1.0,False,eastmoney,,
688176.SH,eastmoney,1.0,False,eastmoney,,
688177.SH,eastmoney,1.0,False,eastmoney,,
688179.SH,eastmoney,1.0,False,eastmoney,,
688183.SH,eastmoney,1.0,False,eastmoney,,
688185.SH,eastmoney,1.0,False,eastmoney,,
688187.SH,eastmoney,1.0,False,eastmoney,,
688193.SH,eastmoney,1.0,False,eastmoney,,
688207.SH,eastmoney,1.0,False,eastmoney,,
688208.SH,eastmoney,1.0,False,eastmoney,,
688212.SH,eastmoney,1.0,False,eastmoney,,
688216.SH,eastmoney,1.0,False,eastmoney,,
688217.SH,eastmoney,1.0,False,eastmoney,,
688222.SH,eastmoney,1.0,False,eastmoney,,
688229.SH,eastmoney,1.0,False,eastmoney,,
688255.SH,eastmoney,1.0,False,eastmoney,,
688265.SH,eastmoney,1.0,False,eastmoney,,
688272.SH,eastmoney,1.0,False,eastmoney,,
688290.SH,eastmoney,1.0,False,eastmoney,,
688300.SH,eastmoney,1.0,False,eastmoney,,
688305.SH,eastmoney,1.0,False,eastmoney,,
688306.SH,eastmoney,1.0,False,eastmoney,,
688308.SH,eastmoney,1.0,False,eastmoney,,
688311.SH,eastmoney,1.0,False,eastmoney,,
688314.SH,eastmoney,1.0,False,eastmoney,,
688323.SH,eastmoney,1.0,False,eastmoney,,
688325.SH,eastmoney,1.0,False,eastmoney,,
688330.SH,eastmoney,1.0,False,eastmoney,,
688333.SH,eastmoney,1.0,False,eastmoney,,
688335.SH,eastmoney,1.0,False,eastmoney,,
688337.SH,eastmoney,1.0,False,eastmoney,,
688339.SH,eastmoney,1.0,False,eastmoney,,
688352.SH,eastmoney,1.0,False,eastmoney,,
688358.SH,eastmoney,1.0,False,eastmoney,,
688362.SH,eastmoney,1.0,False,eastmoney,,
688371.SH,eastmoney,1.0,False,eastmoney,,
688393.SH,eastmoney,1.0,False,eastmoney,,
688403.SH,eastmoney,1.0,False,eastmoney,,
688409.SH,eastmoney,1.0,False,eastmoney,,
688416.SH,eastmoney,1.0,False,eastmoney,,
688426.SH,eastmoney,1.0,False,eastmoney,,
688429.SH,eastmoney,1.0,False,eastmoney,,
688439.SH,eastmoney,1.0,False,eastmoney,,
688443.SH,eastmoney,1.0,False,eastmoney,,
688449.SH,eastmoney,1.0,False,eastmoney,,
688450.SH,eastmoney,1.0,False,eastmoney,,
688466.SH,eastmoney,1.0,False,eastmoney,,
688469.SH,eastmoney,1.0,False,eastmoney,,
688480.SH,eastmoney,1.0,False,eastmoney,,
688484.SH,eastmoney,1.0,False,eastmoney,,
688506.SH,eastmoney,1.0,False,eastmoney,,
688513.SH,eastmoney,1.0,False,eastmoney,,
688526.SH,eastmoney,1.0,False,eastmoney,,
688529.SH,eastmoney,1.0,False,eastmoney,,
688549.SH,eastmoney,1.0,False,eastmoney,,
688556.SH,eastmoney,1.0,False,eastmoney,,
688558.SH,eastmoney,1.0,False,eastmoney,,
688565.SH,eastmoney,1.0,False,eastmoney,,
688566.SH,eastmoney,1.0,False,eastmoney,,
688569.SH,eastmoney,1.0,False,eastmoney,,
688583.SH,eastmoney,1.0,False,eastmoney,,
688599.SH,eastmoney,1.0,False,eastmoney,,
688602.SH,eastmoney,1.0,False,eastmoney,,
688606.SH,eastmoney,1.0,False,eastmoney,,
688609.SH,eastmoney,1.0,False,eastmoney,,
688610.SH,eastmoney,1.0,False,eastmoney,,
688611.SH,eastmoney,1.0,False,eastmoney,,
688615.SH,eastmoney,1.0,False,eastmoney,,
688623.SH,eastmoney,1.0,False,eastmoney,,
688626.SH,eastmoney,1.0,False,eastmoney,,
688635.SH,eastmoney,1.0,False,eastmoney,,
688662.SH,eastmoney,1.0,False,eastmoney,,
688670.SH,eastmoney,1.0,False,eastmoney,,
688671.SH,eastmoney,1.0,False,eastmoney,,
688695.SH,eastmoney,1.0,False,eastmoney,,
688716.SH,eastmoney,1.0,False,eastmoney,,
688721.SH,eastmoney,1.0,False,eastmoney,,
688722.SH,eastmoney,1.0,False,eastmoney,,
688726.SH,eastmoney,1.0,False,eastmoney,,
688737.SH,eastmoney,1.0,False,eastmoney,,
688750.SH,eastmoney,1.0,False,eastmoney,,
688781.SH,eastmoney,1.0,False,eastmoney,,
688783.SH,eastmoney,1.0,False,eastmoney,,
688788.SH,eastmoney,1.0,False,eastmoney,,
688796.SH,eastmoney,1.0,False,eastmoney,,
688797.SH,eastmoney,1.0,False,eastmoney,,
688798.SH,eastmoney,1.0,False,eastmoney,,
688799.SH,eastmoney,1.0,False,eastmoney,,
688802.SH,eastmoney,1.0,False,eastmoney,,
688808.SH,eastmoney,1.0,False,eastmoney,,
688819.SH,eastmoney,1.0,False,eastmoney,,
920005.BJ,eastmoney,1.0,False,eastmoney,,
920006.BJ,eastmoney,1.0,False,eastmoney,,
920010.BJ,eastmoney,1.0,False,eastmoney,,
920011.BJ,eastmoney,1.0,False,eastmoney,,
920018.BJ,eastmoney,1.0,False,eastmoney,,
920033.BJ,eastmoney,1.0,False,eastmoney,,
920058.BJ,eastmoney,1.0,False,eastmoney,,
920066.BJ,eastmoney,1.0,False,eastmoney,,
920089.BJ,eastmoney,1.0,False,eastmoney,,
920099.BJ,eastmoney,1.0,False,eastmoney,,
920118.BJ,eastmoney,1.0,False,eastmoney,,
920126.BJ,eastmoney,1.0,False,eastmoney,,
920146.BJ,eastmoney,1.0,False,eastmoney,,
920149.BJ,eastmoney,1.0,False,eastmoney,,
920168.BJ,eastmoney,1.0,False,eastmoney,,
920179.BJ,eastmoney,1.0,False,eastmoney,,
920187.BJ,eastmoney,1.0,False,eastmoney,,
920188.BJ,eastmoney,1.0,False,eastmoney,,
920190.BJ,eastmoney,1.0,False,eastmoney,,
920195.BJ,eastmoney,1.0,False,eastmoney,,
920200.BJ,eastmoney,1.0,False,eastmoney,,
920207.BJ,eastmoney,1.0,False,eastmoney,,
920249.BJ,eastmoney,1.0,False,eastmoney,,
920252.BJ,eastmoney,1.0,False,eastmoney,,
920261.BJ,eastmoney,1.0,False,eastmoney,,
920278.BJ,eastmoney,1.0,False,eastmoney,,
920344.BJ,eastmoney,1.0,False,eastmoney,,
920367.BJ,eastmoney,1.0,False,eastmoney,,
920368.BJ,eastmoney,1.0,False,eastmoney,,
920392.BJ,eastmoney,1.0,False,eastmoney,,
920405.BJ,eastmoney,1.0,False,eastmoney,,
920422.BJ,eastmoney,1.0,False,eastmoney,,
920436.BJ,eastmoney,1.0,False,eastmoney,,
920478.BJ,eastmoney,1.0,False,eastmoney,,
920489.BJ,eastmoney,1.0,False,eastmoney,,
920505.BJ,eastmoney,1.0,False,eastmoney,,
920522.BJ,eastmoney,1.0,False,eastmoney,,
920526.BJ,eastmoney,1.0,False,eastmoney,,
920553.BJ,eastmoney,1.0,False,eastmoney,,
920556.BJ,eastmoney,1.0,False,eastmoney,,
920566.BJ,eastmoney,1.0,False,eastmoney,,
920593.BJ,eastmoney,1.0,False,eastmoney,,
920599.BJ,eastmoney,1.0,False,eastmoney,,
920651.BJ,eastmoney,1.0,False,eastmoney,,
920663.BJ,eastmoney,1.0,False,eastmoney,,
920689.BJ,eastmoney,1.0,False,eastmoney,,
920690.BJ,eastmoney,1.0,False,eastmoney,,
920720.BJ,eastmoney,1.0,False,eastmoney,,
920725.BJ,eastmoney,1.0,False,eastmoney,,
920765.BJ,eastmoney,1.0,False,eastmoney,,
920802.BJ,eastmoney,1.0,False,eastmoney,,
920809.BJ,eastmoney,1.0,False,eastmoney,,
920839.BJ,eastmoney,1.0,False,eastmoney,,
920871.BJ,eastmoney,1.0,False,eastmoney,,
920879.BJ,eastmoney,1.0,False,eastmoney,,
920896.BJ,eastmoney,1.0,False,eastmoney,,
920925.BJ,eastmoney,1.0,False,eastmoney,,
920970.BJ,eastmoney,1.0,False,eastmoney,,
920981.BJ,eastmoney,1.0,False,eastmoney,,
